firstname,lastname
Hany,Abbas
Hany,Abbas
Hany,Abbas
Hany,Abbas
Hany,Abbas
Hany,Abbas
Hany,Abbas
Hany,Abbas
Hany,Abbas
Hany,Abbas
Hany,Abbas
Hany,Abbas
Hany,Abbas
Hany,Abbas
Hany,Abbas
Hany,Abbas
Hany,Abbas
Hany,Abbas
Hany,Abbas
Hany,Abbas
Hany,Abbas
Hany,Abbas
Hany,Abbas
Hany,Abbas
Hany,Abbas
Hany,Abbas
Hany,Abbas
Hany,Abbas
Hany,Abbas
Hany,Abbas
Hany,Abbas
Hany,Abbas
Hany,Abbas
Hany,Abbas
Hany,Abbas
Hany,Abbas
Hany,Abbas
Hany,Abbas
Hany,Abbas
Hany,Abbas
Hany,Abbas
Hany,Abbas
Hany,Abbas
Hany,Abbas
Hany,Abbas
Hany,Abbas
Hany,Abbas
Hany,Abbas
Hany,Abbas
Hany,Abbas
Hany,Abbas
Hany,Abbas
Hany,Abbas
Hany,Abbas
Hany,Abbas
Hany,Abbas
Hany,Abbas
Hany,Abbas
Hany,Abbas
Hany,Abbas
Hany,Abbas
Hany,Abbas
Hany,Abbas
Hany,Abbas
Hany,Abbas
Hany,Abbas
Hany,Abbas
Hany,Abbas
Hany,Abbas
Hany,Abbas
Hany,Abbas
Hany,Abbas
Hany,Abbas
Hany,Abbas
Hany,Abbas
Hany,Abbas
Hany,Abbas
Hany,Abbas
Hany,Abbas
Hany,Abbas
Hany,Abbas
Hany,Abbas
Hany,Abbas
Hany,Abbas
Hany,Abbas
Hany,Abbas
Hany,Abbas
Hany,Abbas
Hany,Abbas
Hany,Abbas
Hany,Abbas
Hany,Abbas
Hany,Abbas
Hany,Abbas
Hany,Abbas
Hany,Abbas
Hany,Abbas
Hany,Abbas
Hany,Abbas
Hany,Abbas
Hany,Abbas
Hany,Abbas
Hany,Abbas
Hany,Abbas
Hany,Abbas
Hany,Abbas
Hany,Abbas
Hany,Abbas
Hany,Abbas
Hany,Abbas
Hany,Abbas
Hany,Abbas
Hany,Abbas
Hany,Abbas
Hany,Abbas
Hany,Abbas
Hany,Abbas
Hany,Abbas
Hany,Abbas
Hany,Abbas
Hany,Abbas
Hany,Abbas
Hany,Abbas
Hany,Abbas
Hany,Abbas
Hany,Abbas
Hany,Abbas
Hany,Abbas
Hany,Abbas
Hany,Abbas
Hany,Abbas
Hany,Abbas
Hany,Abbas
Hany,Abbas
Hany,Abbas
Hany,Abbas
Hany,Abbas
Hany,Abbas
Hany,Abbas
Hany,Abbas
Hany,Abbas
Hany,Abbas
Hany,Abbas
Hany,Abbas
Hany,Abbas
Hany,Abbas
Hany,Abbas
Hany,Abbas
Hany,Abbas
Hany,Abbas
Hany,Abbas
Hany,Abbas
Hany,Abbas
Hany,Abbas
Hany,Abbas
Hany,Abbas
Hany,Abbas
Hany,Abbas
Hany,Abbas
Hany,Abbas
Hany,Abbas
Hany,Abbas
Hany,Abbas
Hany,Abbas
Hany,Abbas
Hany,Abbas
Hany,Abbas
Hany,Abbas
Hany,Abbas
Hany,Abbas
Hany,Abbas
Hany,Abbas
Hany,Abbas
Hany,Abbas
Hany,Abbas
Hany,Abbas
Hany,Abbas
Hany,Abbas
Hany,Abbas
Hany,Abbas
Hany,Abbas
Hany,Abbas
Hany,Abbas
Hany,Abbas
Hany,Abbas
Hany,Abbas
Hany,Abbas
Hany,Abbas
Hany,Abbas
Hany,Abbas
Hany,Abbas
Hany,Abbas
Hany,Abbas
Hany,Abbas
Hany,Abbas
Hany,Abbas
Hany,Abbas
Hany,Abbas
Hany,Abbas
Hany,Abbas
Hany,Abbas
Hany,Abbas
Hany,Abbas
Hany,Abbas
